{"default":{"x":{"P":0.0005,"I":0.0000001, "D":0.002},"y":{"P":0.001,"I":0.0000001, "D":0.002},"z":{"P":0.0003,"I":0.0000001, "D":0.001}},
"flag":{"x":{"P":0.0005,"I":0.0000001, "D":0.001},"y":{"P":0.001,"I":0.0000001, "D":0.002},"z":{"P":0.0006,"I":0.0000000, "D":0.001}},
"box":{"x":{"P":0.0005,"I":0.00000, "D":0.0005},"y":{"P":0.0004,"I":0.00, "D":0.0009},"z":{"P":0.005,"I":0.00000, "D":0.0001}}}
